{"cameraMode":{"drawMode":0,"name":"Shaded","section":"Shading Mode"},"sceneLighting":false,"audioPlay":false,"sceneViewState":{"showFog":false,"showMaterialUpdate":false,"showSkybox":false,"showFlares":false,"showImageEffects":false,"showParticleSystems":false},"in2DMode":false,"pivot":{"x":-2.384185791015625e-7,"y":0.1399996280670166,"z":0.9904999732971191},"rotation":{"x":-0.16448187828063966,"y":-0.03308600187301636,"z":0.005743222776800394,"w":-0.9859480857849121},"size":0.46422916650772097,"orthographic":false}