{"cameraMode":{"drawMode":0,"name":"Shaded","section":"Shading Mode"},"sceneLighting":false,"audioPlay":false,"sceneViewState":{"showFog":false,"showMaterialUpdate":false,"showSkybox":false,"showFlares":false,"showImageEffects":false,"showParticleSystems":false},"in2DMode":false,"pivot":{"x":0.17141270637512208,"y":-0.00001424551010131836,"z":-0.7009797096252441},"rotation":{"x":0.22111459076404572,"y":-0.17219236493110658,"z":0.039492469280958179,"w":0.9593019485473633},"size":7.241691589355469,"orthographic":false}