{"cameraMode":{"drawMode":0,"name":"Shaded","section":"Shading Mode"},"sceneLighting":false,"audioPlay":false,"sceneViewState":{"showFog":false,"showMaterialUpdate":false,"showSkybox":false,"showFlares":false,"showImageEffects":false,"showParticleSystems":false},"in2DMode":false,"pivot":{"x":0.23713800311088563,"y":-7.387583255767822,"z":0.2617250680923462},"rotation":{"x":0.0726572647690773,"y":-0.41089800000190737,"z":0.03284042328596115,"w":0.9083081483840942},"size":14.290048599243164,"orthographic":false}