{"cameraMode":{"drawMode":0,"name":"Shaded","section":"Shading Mode"},"sceneLighting":false,"audioPlay":false,"sceneViewState":{"showFog":false,"showMaterialUpdate":false,"showSkybox":false,"showFlares":false,"showImageEffects":false,"showParticleSystems":false},"in2DMode":false,"pivot":{"x":89.58000183105469,"y":-8.482500076293946,"z":5.3800048828125},"rotation":{"x":0.08798813819885254,"y":0.7078906297683716,"z":-0.08974950760602951,"w":0.6952308416366577},"size":1.0071654319763184,"orthographic":false}