{"cameraMode":{"drawMode":0,"name":"Shaded","section":"Shading Mode"},"sceneLighting":false,"audioPlay":false,"sceneViewState":{"showFog":false,"showMaterialUpdate":false,"showSkybox":false,"showFlares":false,"showImageEffects":false,"showParticleSystems":false},"in2DMode":false,"pivot":{"x":56.41193771362305,"y":-0.09219813346862793,"z":-309.3688659667969},"rotation":{"x":-0.07176190614700318,"y":-0.6733600497245789,"z":0.0658201202750206,"w":-0.7332420945167542},"size":3.4142470359802248,"orthographic":false}