{"cameraMode":{"drawMode":0,"name":"Shaded","section":"Shading Mode"},"sceneLighting":false,"audioPlay":false,"sceneViewState":{"showFog":false,"showMaterialUpdate":false,"showSkybox":false,"showFlares":false,"showImageEffects":false,"showParticleSystems":false},"in2DMode":false,"pivot":{"x":89.58000183105469,"y":-8.482500076293946,"z":5.3800048828125},"rotation":{"x":0.007414356339722872,"y":0.7029268145561218,"z":-0.007441054098308086,"w":0.7113619446754456},"size":2.8071651458740236,"orthographic":false}