{"cameraMode":{"drawMode":0,"name":"Shaded","section":"Shading Mode"},"sceneLighting":false,"audioPlay":false,"sceneViewState":{"showFog":false,"showMaterialUpdate":false,"showSkybox":false,"showFlares":false,"showImageEffects":false,"showParticleSystems":false},"in2DMode":false,"pivot":{"x":14.481368064880371,"y":0.740573525428772,"z":-13.860848426818848},"rotation":{"x":-0.013150272890925408,"y":-0.9871408939361572,"z":0.12352348119020462,"w":-0.10364927351474762},"size":0.7382921576499939,"orthographic":false}