{"cameraMode":{"drawMode":0,"name":"Shaded","section":"Shading Mode"},"sceneLighting":false,"audioPlay":false,"sceneViewState":{"showFog":false,"showMaterialUpdate":false,"showSkybox":false,"showFlares":false,"showImageEffects":false,"showParticleSystems":false},"in2DMode":false,"pivot":{"x":0.0,"y":0.13999998569488526,"z":1.0364999771118165},"rotation":{"x":-0.17544563114643098,"y":-0.23719890415668488,"z":0.04382428154349327,"w":-0.9546254277229309},"size":2.5043206214904787,"orthographic":false}