{"cameraMode":{"drawMode":0,"name":"Shaded","section":"Shading Mode"},"sceneLighting":false,"audioPlay":false,"sceneViewState":{"showFog":false,"showMaterialUpdate":false,"showSkybox":false,"showFlares":false,"showImageEffects":false,"showParticleSystems":false},"in2DMode":false,"pivot":{"x":1.119085431098938,"y":-0.001578211784362793,"z":0.06544113159179688},"rotation":{"x":-0.05096674710512161,"y":0.02189747989177704,"z":0.001122727058827877,"w":0.9984920024871826},"size":2.0694947242736818,"orthographic":false}