{"cameraMode":{"drawMode":0,"name":"Shaded","section":"Shading Mode"},"sceneLighting":false,"audioPlay":false,"sceneViewState":{"showFog":false,"showMaterialUpdate":false,"showSkybox":false,"showFlares":false,"showImageEffects":false,"showParticleSystems":false},"in2DMode":false,"pivot":{"x":20.52957534790039,"y":11.684109687805176,"z":-26.69806671142578},"rotation":{"x":-0.24496354162693025,"y":0.4226709306240082,"z":-0.12024332582950592,"w":-0.8645426630973816},"size":9.417747497558594,"orthographic":false}