{"cameraMode":{"drawMode":0,"name":"Shaded","section":"Shading Mode"},"sceneLighting":false,"audioPlay":false,"sceneViewState":{"showFog":false,"showMaterialUpdate":false,"showSkybox":false,"showFlares":false,"showImageEffects":false,"showParticleSystems":false},"in2DMode":false,"pivot":{"x":-5.960464477539063e-8,"y":0.885063648223877,"z":-0.0069859325885772709},"rotation":{"x":-0.0014980090782046319,"y":0.996747612953186,"z":-0.07972027361392975,"w":-0.01881777122616768},"size":1.3752800226211548,"orthographic":false}