{"cameraMode":{"drawMode":0,"name":"Shaded","section":"Shading Mode"},"sceneLighting":false,"audioPlay":false,"sceneViewState":{"showFog":false,"showMaterialUpdate":false,"showSkybox":false,"showFlares":false,"showImageEffects":false,"showParticleSystems":false},"in2DMode":false,"pivot":{"x":-0.36031341552734377,"y":5.729398727416992,"z":2.689814567565918},"rotation":{"x":-0.2255987673997879,"y":-0.5340185761451721,"z":0.1503247320652008,"w":-0.8009548187255859},"size":17.19186019897461,"orthographic":false}