{"cameraMode":{"drawMode":0,"name":"Shaded","section":"Shading Mode"},"sceneLighting":false,"audioPlay":false,"sceneViewState":{"showFog":false,"showMaterialUpdate":false,"showSkybox":false,"showFlares":false,"showImageEffects":false,"showParticleSystems":false},"in2DMode":false,"pivot":{"x":-0.000001430511474609375,"y":1.1920928955078126e-7,"z":-0.0004999637603759766},"rotation":{"x":0.007566965650767088,"y":0.9672316908836365,"z":-0.029025848954916,"w":0.2521333694458008},"size":3.124889373779297,"orthographic":false}