{"cameraMode":{"drawMode":0,"name":"Shaded","section":"Shading Mode"},"sceneLighting":false,"audioPlay":false,"sceneViewState":{"showFog":false,"showMaterialUpdate":false,"showSkybox":false,"showFlares":false,"showImageEffects":false,"showParticleSystems":false},"in2DMode":false,"pivot":{"x":-2.2347888946533205,"y":2.4960103034973146,"z":-1.3220655918121338},"rotation":{"x":-0.1601494401693344,"y":0.5774577856063843,"z":-0.11674212664365769,"w":-0.7920223474502564},"size":10.757652282714844,"orthographic":false}