{"cameraMode":{"drawMode":0,"name":"Shaded","section":"Shading Mode"},"sceneLighting":false,"audioPlay":false,"sceneViewState":{"showFog":false,"showMaterialUpdate":false,"showSkybox":false,"showFlares":false,"showImageEffects":false,"showParticleSystems":false},"in2DMode":false,"pivot":{"x":14.350000381469727,"y":1.3510003089904786,"z":-13.699999809265137},"rotation":{"x":0.00030776660423725843,"y":-0.9947568774223328,"z":-0.10452403873205185,"w":-0.0066343736834824089},"size":2.2497472763061525,"orthographic":false}