{"cameraMode":{"drawMode":0,"name":"Shaded","section":"Shading Mode"},"sceneLighting":false,"audioPlay":false,"sceneViewState":{"showFog":false,"showMaterialUpdate":false,"showSkybox":false,"showFlares":false,"showImageEffects":false,"showParticleSystems":false},"in2DMode":false,"pivot":{"x":14.09788990020752,"y":1.1679949760437012,"z":-13.825892448425293},"rotation":{"x":-0.02062171697616577,"y":-0.9752914905548096,"z":-0.09974613040685654,"w":0.19783137738704682},"size":2.024872064590454,"orthographic":false}