{"cameraMode":{"drawMode":0,"name":"Shaded","section":"Shading Mode"},"sceneLighting":false,"audioPlay":false,"sceneViewState":{"showFog":false,"showMaterialUpdate":false,"showSkybox":false,"showFlares":false,"showImageEffects":false,"showParticleSystems":false},"in2DMode":false,"pivot":{"x":14.350000381469727,"y":1.3510003089904786,"z":-13.699999809265137},"rotation":{"x":-0.022060435265302659,"y":-0.9778967499732971,"z":0.12859393656253816,"w":-0.16492539644241334},"size":0.7497474551200867,"orthographic":false}