{"cameraMode":{"drawMode":0,"name":"Shaded","section":"Shading Mode"},"sceneLighting":false,"audioPlay":false,"sceneViewState":{"showFog":false,"showMaterialUpdate":false,"showSkybox":false,"showFlares":false,"showImageEffects":false,"showParticleSystems":false},"in2DMode":false,"pivot":{"x":-0.9887526631355286,"y":-0.05718958377838135,"z":0.03848695755004883},"rotation":{"x":0.005320932250469923,"y":0.46415144205093386,"z":0.0027721228543668987,"w":-0.8857765197753906},"size":2.842994451522827,"orthographic":false}