{"cameraMode":{"drawMode":0,"name":"Shaded","section":"Shading Mode"},"sceneLighting":false,"audioPlay":false,"sceneViewState":{"showFog":false,"showMaterialUpdate":false,"showSkybox":false,"showFlares":false,"showImageEffects":false,"showParticleSystems":false},"in2DMode":false,"pivot":{"x":0.01396942138671875,"y":-0.0000019073486328125,"z":-0.0000019073486328125},"rotation":{"x":0.004947993904352188,"y":-0.9845223426818848,"z":-0.028063485398888589,"w":-0.17333608865737916},"size":14.563847541809082,"orthographic":false}