{"cameraMode":{"drawMode":0,"name":"Shaded","section":"Shading Mode"},"sceneLighting":false,"audioPlay":false,"sceneViewState":{"showFog":false,"showMaterialUpdate":false,"showSkybox":false,"showFlares":false,"showImageEffects":false,"showParticleSystems":false},"in2DMode":false,"pivot":{"x":14.34999942779541,"y":1.3509998321533204,"z":-13.729537963867188},"rotation":{"x":0.00513709569349885,"y":0.99494469165802,"z":-0.08557382225990296,"w":0.056784894317388538},"size":2.0273492336273195,"orthographic":false}