{"cameraMode":{"drawMode":0,"name":"Shaded","section":"Shading Mode"},"sceneLighting":false,"audioPlay":false,"sceneViewState":{"showFog":false,"showMaterialUpdate":false,"showSkybox":false,"showFlares":false,"showImageEffects":false,"showParticleSystems":false},"in2DMode":false,"pivot":{"x":0.0000019073486328125,"y":2.384185791015625e-7,"z":0.0},"rotation":{"x":0.10721772909164429,"y":0.760676383972168,"z":-0.13026392459869386,"w":0.6270244717597961},"size":6.530680179595947,"orthographic":false}