{"cameraMode":{"drawMode":0,"name":"Shaded","section":"Shading Mode"},"sceneLighting":false,"audioPlay":false,"sceneViewState":{"showFog":false,"showMaterialUpdate":false,"showSkybox":false,"showFlares":false,"showImageEffects":false,"showParticleSystems":false},"in2DMode":false,"pivot":{"x":0.0,"y":-0.000004589557647705078,"z":0.0000018477439880371094},"rotation":{"x":-0.2255987673997879,"y":-0.5340185761451721,"z":0.1503247320652008,"w":-0.8009548187255859},"size":1.9310455322265626,"orthographic":false}