{"cameraMode":{"drawMode":0,"name":"Shaded","section":"Shading Mode"},"sceneLighting":false,"audioPlay":false,"sceneViewState":{"showFog":false,"showMaterialUpdate":false,"showSkybox":false,"showFlares":false,"showImageEffects":false,"showParticleSystems":false},"in2DMode":false,"pivot":{"x":73.54800415039063,"y":2.4267148971557619,"z":-49.63726806640625},"rotation":{"x":0.28517842292785647,"y":0.06282491236925125,"z":-0.019009653478860856,"w":0.9563692212104797},"size":7.613039493560791,"orthographic":false}