{"cameraMode":{"drawMode":0,"name":"Shaded","section":"Shading Mode"},"sceneLighting":false,"audioPlay":false,"sceneViewState":{"showFog":false,"showMaterialUpdate":false,"showSkybox":false,"showFlares":false,"showImageEffects":false,"showParticleSystems":false},"in2DMode":false,"pivot":{"x":14.9669828414917,"y":1.1695215702056885,"z":-13.887523651123047},"rotation":{"x":-0.021710770204663278,"y":-0.649796724319458,"z":-0.017989037558436395,"w":0.7599217891693115},"size":0.4497474431991577,"orthographic":false}