{"cameraMode":{"drawMode":0,"name":"Shaded","section":"Shading Mode"},"sceneLighting":false,"audioPlay":false,"sceneViewState":{"showFog":false,"showMaterialUpdate":false,"showSkybox":false,"showFlares":false,"showImageEffects":false,"showParticleSystems":false},"in2DMode":false,"pivot":{"x":-0.000001817941665649414,"y":-0.013386249542236328,"z":-0.0000010728836059570313},"rotation":{"x":-0.4776078760623932,"y":0.024740366265177728,"z":-0.013449425809085369,"w":-0.8784179091453552},"size":2.8655455112457277,"orthographic":false}