{"cameraMode":{"drawMode":0,"name":"Shaded","section":"Shading Mode"},"sceneLighting":false,"audioPlay":false,"sceneViewState":{"showFog":false,"showMaterialUpdate":false,"showSkybox":false,"showFlares":false,"showImageEffects":false,"showParticleSystems":false},"in2DMode":false,"pivot":{"x":-0.000001430511474609375,"y":1.1920928955078126e-7,"z":-0.0004999637603759766},"rotation":{"x":0.015016692690551281,"y":0.8495582342147827,"z":-0.024218915030360223,"w":0.5267317891120911},"size":3.124889373779297,"orthographic":false}