{"cameraMode":{"drawMode":0,"name":"Shaded","section":"Shading Mode"},"sceneLighting":false,"audioPlay":false,"sceneViewState":{"showFog":false,"showMaterialUpdate":false,"showSkybox":false,"showFlares":false,"showImageEffects":false,"showParticleSystems":false},"in2DMode":false,"pivot":{"x":62.172157287597659,"y":0.36642611026763918,"z":-309.80328369140627},"rotation":{"x":-0.14905394613742829,"y":-0.5988172888755798,"z":0.11440814286470413,"w":-0.7786726355552673},"size":0.8494650721549988,"orthographic":false}