{"cameraMode":{"drawMode":0,"name":"Shaded","section":"Shading Mode"},"sceneLighting":false,"audioPlay":false,"sceneViewState":{"showFog":false,"showMaterialUpdate":false,"showSkybox":false,"showFlares":false,"showImageEffects":false,"showParticleSystems":false},"in2DMode":false,"pivot":{"x":25.221996307373048,"y":1.6279503107070923,"z":-9.999600410461426},"rotation":{"x":-0.10997341573238373,"y":0.8434968590736389,"z":-0.1890629678964615,"w":-0.49061524868011477},"size":7.071067810058594,"orthographic":false}