{"cameraMode":{"drawMode":0,"name":"Shaded","section":"Shading Mode"},"sceneLighting":false,"audioPlay":false,"sceneViewState":{"showFog":false,"showMaterialUpdate":false,"showSkybox":false,"showFlares":false,"showImageEffects":false,"showParticleSystems":false},"in2DMode":false,"pivot":{"x":1.1920928955078126e-7,"y":0.0,"z":-2.384185791015625e-7},"rotation":{"x":-0.0022533561568707229,"y":-0.9919761419296265,"z":0.12717150151729585,"w":-0.017813319340348245},"size":0.9608110785484314,"orthographic":false}