{"cameraMode":{"drawMode":0,"name":"Shaded","section":"Shading Mode"},"sceneLighting":false,"audioPlay":false,"sceneViewState":{"showFog":false,"showMaterialUpdate":false,"showSkybox":false,"showFlares":false,"showImageEffects":false,"showParticleSystems":false},"in2DMode":false,"pivot":{"x":1.119229793548584,"y":-0.001578211784362793,"z":0.05553245544433594},"rotation":{"x":0.22111459076404572,"y":-0.17219236493110658,"z":0.039492469280958179,"w":0.9593019485473633},"size":5.263484477996826,"orthographic":false}