{"cameraMode":{"drawMode":0,"name":"Shaded","section":"Shading Mode"},"sceneLighting":false,"audioPlay":false,"sceneViewState":{"showFog":false,"showMaterialUpdate":false,"showSkybox":false,"showFlares":false,"showImageEffects":false,"showParticleSystems":false},"in2DMode":false,"pivot":{"x":48.54698944091797,"y":0.7473057508468628,"z":-309.49993896484377},"rotation":{"x":0.21467870473861695,"y":0.693541944026947,"z":-0.22940115630626679,"w":0.6487305760383606},"size":1.171410083770752,"orthographic":false}