{"cameraMode":{"drawMode":0,"name":"Shaded","section":"Shading Mode"},"sceneLighting":false,"audioPlay":false,"sceneViewState":{"showFog":false,"showMaterialUpdate":false,"showSkybox":false,"showFlares":false,"showImageEffects":false,"showParticleSystems":false},"in2DMode":false,"pivot":{"x":4.141863822937012,"y":0.00001531839370727539,"z":-0.7009592056274414},"rotation":{"x":-0.09347943216562271,"y":0.6531758904457092,"z":-0.08175281435251236,"w":-0.747010350227356},"size":2.2096734046936037,"orthographic":false}