{"cameraMode":{"drawMode":0,"name":"Shaded","section":"Shading Mode"},"sceneLighting":false,"audioPlay":false,"sceneViewState":{"showFog":false,"showMaterialUpdate":false,"showSkybox":false,"showFlares":false,"showImageEffects":false,"showParticleSystems":false},"in2DMode":false,"pivot":{"x":14.613265037536621,"y":0.5273870229721069,"z":-0.24534070491790772},"rotation":{"x":-0.013358301483094693,"y":0.7173433899879456,"z":0.013775977306067944,"w":0.6965154409408569},"size":7.44189453125,"orthographic":false}