{"cameraMode":{"drawMode":0,"name":"Shaded","section":"Shading Mode"},"sceneLighting":false,"audioPlay":false,"sceneViewState":{"showFog":false,"showMaterialUpdate":false,"showSkybox":false,"showFlares":false,"showImageEffects":false,"showParticleSystems":false},"in2DMode":false,"pivot":{"x":-4.76837158203125e-7,"y":0.00009059906005859375,"z":-5.000000953674316},"rotation":{"x":-0.18836486339569093,"y":-0.4551188051700592,"z":0.09914606809616089,"w":-0.8646402955055237},"size":8.896076202392579,"orthographic":false}