{"cameraMode":{"drawMode":0,"name":"Shaded","section":"Shading Mode"},"sceneLighting":true,"audioPlay":false,"sceneViewState":{"showFog":false,"showMaterialUpdate":false,"showSkybox":false,"showFlares":false,"showImageEffects":false,"showParticleSystems":false},"in2DMode":false,"pivot":{"x":1343.2264404296875,"y":383.2599182128906,"z":187.5748291015625},"rotation":{"x":0.13590800762176515,"y":0.0834328681230545,"z":-0.011479387991130352,"w":0.9871915578842163},"size":486.2337341308594,"orthographic":false}