{"cameraMode":{"drawMode":0,"name":"Shaded","section":"Shading Mode"},"sceneLighting":false,"audioPlay":false,"sceneViewState":{"showFog":false,"showMaterialUpdate":false,"showSkybox":false,"showFlares":false,"showImageEffects":false,"showParticleSystems":false},"in2DMode":false,"pivot":{"x":0.0,"y":-0.5146598815917969,"z":0.1399993896484375},"rotation":{"x":0.060148611664772037,"y":0.8740204572677612,"z":-0.1123993843793869,"w":0.46916308999061587},"size":16.82068634033203,"orthographic":false}