{"cameraMode":{"drawMode":0,"name":"Shaded","section":"Shading Mode"},"sceneLighting":false,"audioPlay":false,"sceneViewState":{"showFog":false,"showMaterialUpdate":false,"showSkybox":false,"showFlares":false,"showImageEffects":false,"showParticleSystems":false},"in2DMode":false,"pivot":{"x":15.096138954162598,"y":1.1373664140701295,"z":-20.940629959106447},"rotation":{"x":0.00513709569349885,"y":0.99494469165802,"z":-0.08557382225990296,"w":0.056784894317388538},"size":0.8273331522941589,"orthographic":false}