{"cameraMode":{"drawMode":0,"name":"Shaded","section":"Shading Mode"},"sceneLighting":false,"audioPlay":false,"sceneViewState":{"showFog":false,"showMaterialUpdate":false,"showSkybox":false,"showFlares":false,"showImageEffects":false,"showParticleSystems":false},"in2DMode":false,"pivot":{"x":2.600675582885742,"y":-1.8719547986984254,"z":1.3954052925109864},"rotation":{"x":-0.2669805884361267,"y":0.35086697340011599,"z":-0.105091892182827,"w":-0.8914207220077515},"size":3.3046023845672609,"orthographic":false}