{"cameraMode":{"drawMode":0,"name":"Shaded","section":"Shading Mode"},"sceneLighting":false,"audioPlay":false,"sceneViewState":{"showFog":false,"showMaterialUpdate":false,"showSkybox":false,"showFlares":false,"showImageEffects":false,"showParticleSystems":false},"in2DMode":false,"pivot":{"x":0.3694109320640564,"y":1.7214553356170655,"z":17.219999313354493},"rotation":{"x":0.08401796221733093,"y":0.6122370362281799,"z":-0.06562483310699463,"w":0.7834838032722473},"size":1.4765874147415162,"orthographic":false}