{"cameraMode":{"drawMode":0,"name":"Shaded","section":"Shading Mode"},"sceneLighting":false,"audioPlay":false,"sceneViewState":{"showFog":false,"showMaterialUpdate":false,"showSkybox":false,"showFlares":false,"showImageEffects":false,"showParticleSystems":false},"in2DMode":false,"pivot":{"x":-0.5752334594726563,"y":0.8427033424377441,"z":-0.40198951959609988},"rotation":{"x":-0.1645059734582901,"y":0.7799839973449707,"z":-0.22978585958480836,"w":-0.5583862066268921},"size":5.835213661193848,"orthographic":false}